timeStamp,elapsed,label,responseCode,responseMessage,threadName,dataType,success,failureMessage,bytes,sentBytes,grpThreads,allThreads,URL,Latency,IdleTime,Connect
1559816867333,2241,HTTP Request,200,OK,Thread Group 1-1,text,true,,169,127,2,2,http://localhost:8080/test/charger,2241,0,2
1559816869374,519,HTTP Request,200,OK,Thread Group 1-2,text,true,,169,127,2,2,http://localhost:8080/test/charger,519,0,1
1559816869894,482,HTTP Request,200,OK,Thread Group 1-2,text,true,,169,127,2,2,http://localhost:8080/test/charger,482,0,1
1559816869574,1295,HTTP Request,200,OK,Thread Group 1-1,text,true,,169,127,2,2,http://localhost:8080/test/charger,1295,0,1
1559816870377,654,HTTP Request,200,OK,Thread Group 1-2,text,true,,169,127,2,2,http://localhost:8080/test/charger,654,0,0
1559816870869,523,HTTP Request,200,OK,Thread Group 1-1,text,true,,169,127,2,2,http://localhost:8080/test/charger,523,0,1
1559816871032,520,HTTP Request,200,OK,Thread Group 1-2,text,true,,169,127,3,3,http://localhost:8080/test/charger,520,0,1
1559816871392,496,HTTP Request,200,OK,Thread Group 1-1,text,true,,169,127,3,3,http://localhost:8080/test/charger,496,0,1
1559816871415,724,HTTP Request,200,OK,Thread Group 1-3,text,true,,169,127,3,3,http://localhost:8080/test/charger,724,0,1
1559816871553,586,HTTP Request,200,OK,Thread Group 1-2,text,true,,169,127,3,3,http://localhost:8080/test/charger,586,0,1
1559816871888,486,HTTP Request,200,OK,Thread Group 1-1,text,true,,169,127,3,3,http://localhost:8080/test/charger,486,0,1
1559816872139,468,HTTP Request,200,OK,Thread Group 1-2,text,true,,169,127,3,3,http://localhost:8080/test/charger,468,0,1
1559816872139,565,HTTP Request,200,OK,Thread Group 1-3,text,true,,169,127,3,3,http://localhost:8080/test/charger,565,0,1
1559816872375,497,HTTP Request,200,OK,Thread Group 1-1,text,true,,169,127,3,3,http://localhost:8080/test/charger,497,0,0
1559816872607,488,HTTP Request,200,OK,Thread Group 1-2,text,true,,169,127,3,3,http://localhost:8080/test/charger,488,0,1
1559816872705,468,HTTP Request,200,OK,Thread Group 1-3,text,true,,169,127,3,3,http://localhost:8080/test/charger,468,0,1
1559816872874,621,HTTP Request,200,OK,Thread Group 1-1,text,true,,169,127,4,4,http://localhost:8080/test/charger,620,0,1
1559816873097,479,HTTP Request,200,OK,Thread Group 1-2,text,true,,169,127,4,4,http://localhost:8080/test/charger,479,0,1
1559816873174,496,HTTP Request,200,OK,Thread Group 1-3,text,true,,169,127,4,4,http://localhost:8080/test/charger,496,0,1
1559816873495,442,HTTP Request,200,OK,Thread Group 1-1,text,true,,169,127,4,4,http://localhost:8080/test/charger,442,0,1
1559816873576,456,HTTP Request,200,OK,Thread Group 1-2,text,true,,169,127,4,4,http://localhost:8080/test/charger,456,0,1
1559816873670,485,HTTP Request,200,OK,Thread Group 1-3,text,true,,169,127,4,4,http://localhost:8080/test/charger,485,0,1
1559816873937,489,HTTP Request,200,OK,Thread Group 1-1,text,true,,169,127,4,4,http://localhost:8080/test/charger,489,0,1
1559816874033,466,HTTP Request,200,OK,Thread Group 1-2,text,true,,169,127,4,4,http://localhost:8080/test/charger,466,0,0
1559816874155,468,HTTP Request,200,OK,Thread Group 1-3,text,true,,169,127,3,3,http://localhost:8080/test/charger,468,0,1
1559816873458,1287,HTTP Request,200,OK,Thread Group 1-4,text,true,,169,127,3,3,http://localhost:8080/test/charger,1287,0,0
1559816874426,471,HTTP Request,200,OK,Thread Group 1-1,text,true,,169,127,3,3,http://localhost:8080/test/charger,471,0,1
1559816874624,456,HTTP Request,200,OK,Thread Group 1-3,text,true,,169,127,2,2,http://localhost:8080/test/charger,456,0,0
1559816874746,442,HTTP Request,200,OK,Thread Group 1-4,text,true,,169,127,2,2,http://localhost:8080/test/charger,442,0,0
1559816875080,538,HTTP Request,200,OK,Thread Group 1-3,text,true,,169,127,3,3,http://localhost:8080/test/charger,538,0,1
1559816875188,472,HTTP Request,200,OK,Thread Group 1-4,text,true,,169,127,3,3,http://localhost:8080/test/charger,472,0,1
1559816875499,427,HTTP Request,200,OK,Thread Group 1-5,text,true,,169,127,3,3,http://localhost:8080/test/charger,427,0,1
1559816875618,491,HTTP Request,200,OK,Thread Group 1-3,text,true,,169,127,3,3,http://localhost:8080/test/charger,491,0,1
1559816875660,462,HTTP Request,200,OK,Thread Group 1-4,text,true,,169,127,3,3,http://localhost:8080/test/charger,462,0,1
1559816875926,434,HTTP Request,200,OK,Thread Group 1-5,text,true,,169,127,3,3,http://localhost:8080/test/charger,434,0,1
1559816876109,452,HTTP Request,200,OK,Thread Group 1-3,text,true,,169,127,3,3,http://localhost:8080/test/charger,452,0,1
1559816876122,474,HTTP Request,200,OK,Thread Group 1-4,text,true,,169,127,2,2,http://localhost:8080/test/charger,474,0,1
1559816876361,485,HTTP Request,200,OK,Thread Group 1-5,text,true,,169,127,2,2,http://localhost:8080/test/charger,485,0,1
1559816876597,442,HTTP Request,200,OK,Thread Group 1-4,text,true,,169,127,2,2,http://localhost:8080/test/charger,442,0,0
1559816876846,453,HTTP Request,200,OK,Thread Group 1-5,text,true,,169,127,2,2,http://localhost:8080/test/charger,453,0,1
1559816877039,446,HTTP Request,200,OK,Thread Group 1-4,text,true,,169,127,2,2,http://localhost:8080/test/charger,446,0,1
1559816877299,465,HTTP Request,200,OK,Thread Group 1-5,text,true,,169,127,3,3,http://localhost:8080/test/charger,465,0,1
1559816877486,477,HTTP Request,200,OK,Thread Group 1-4,text,true,,169,127,3,3,http://localhost:8080/test/charger,477,0,1
1559816877540,443,HTTP Request,200,OK,Thread Group 1-6,text,true,,169,127,3,3,http://localhost:8080/test/charger,443,0,1
1559816877765,439,HTTP Request,200,OK,Thread Group 1-5,text,true,,169,127,3,3,http://localhost:8080/test/charger,439,0,1
1559816877964,449,HTTP Request,200,OK,Thread Group 1-4,text,true,,169,127,3,3,http://localhost:8080/test/charger,449,0,1
1559816877984,482,HTTP Request,200,OK,Thread Group 1-6,text,true,,169,127,3,3,http://localhost:8080/test/charger,482,0,10
1559816878204,554,HTTP Request,200,OK,Thread Group 1-5,text,true,,169,127,3,3,http://localhost:8080/test/charger,554,0,1
1559816878414,457,HTTP Request,200,OK,Thread Group 1-4,text,true,,169,127,3,3,http://localhost:8080/test/charger,457,0,1
1559816878467,471,HTTP Request,200,OK,Thread Group 1-6,text,true,,169,127,2,2,http://localhost:8080/test/charger,471,0,1
1559816878759,462,HTTP Request,200,OK,Thread Group 1-5,text,true,,169,127,2,2,http://localhost:8080/test/charger,462,0,1
1559816878939,451,HTTP Request,200,OK,Thread Group 1-6,text,true,,169,127,2,2,http://localhost:8080/test/charger,451,0,0
1559816879221,442,HTTP Request,200,OK,Thread Group 1-5,text,true,,169,127,3,3,http://localhost:8080/test/charger,441,0,1
1559816879390,471,HTTP Request,200,OK,Thread Group 1-6,text,true,,169,127,3,3,http://localhost:8080/test/charger,471,0,1
1559816879582,576,HTTP Request,200,OK,Thread Group 1-7,text,true,,169,127,3,3,http://localhost:8080/test/charger,575,0,1
1559816879680,483,HTTP Request,200,OK,Thread Group 1-5,text,true,,169,127,3,3,http://localhost:8080/test/charger,483,0,1
1559816879862,470,HTTP Request,200,OK,Thread Group 1-6,text,true,,169,127,2,2,http://localhost:8080/test/charger,470,0,1
1559816880158,475,HTTP Request,200,OK,Thread Group 1-7,text,true,,169,127,2,2,http://localhost:8080/test/charger,475,0,1
1559816880332,454,HTTP Request,200,OK,Thread Group 1-6,text,true,,169,127,2,2,http://localhost:8080/test/charger,454,0,0
1559816880633,605,HTTP Request,200,OK,Thread Group 1-7,text,true,,169,127,2,2,http://localhost:8080/test/charger,605,0,1
1559816880786,495,HTTP Request,200,OK,Thread Group 1-6,text,true,,169,127,2,2,http://localhost:8080/test/charger,495,0,1
1559816881238,518,HTTP Request,200,OK,Thread Group 1-7,text,true,,169,127,3,3,http://localhost:8080/test/charger,518,0,1
1559816881281,519,HTTP Request,200,OK,Thread Group 1-6,text,true,,169,127,3,3,http://localhost:8080/test/charger,519,0,1
1559816881624,483,HTTP Request,200,OK,Thread Group 1-8,text,true,,169,127,3,3,http://localhost:8080/test/charger,483,0,0
1559816881801,476,HTTP Request,200,OK,Thread Group 1-6,text,true,,169,127,3,3,http://localhost:8080/test/charger,476,0,1
1559816882107,495,HTTP Request,200,OK,Thread Group 1-8,text,true,,169,127,2,2,http://localhost:8080/test/charger,495,0,2
1559816881756,1514,HTTP Request,200,OK,Thread Group 1-7,text,true,,169,127,2,2,http://localhost:8080/test/charger,1514,0,1
1559816883271,491,HTTP Request,200,OK,Thread Group 1-7,text,true,,169,127,3,3,http://localhost:8080/test/charger,491,0,0
1559816883665,562,HTTP Request,200,OK,Thread Group 1-9,text,true,,169,127,3,3,http://localhost:8080/test/charger,562,0,0
1559816882603,1663,HTTP Request,200,OK,Thread Group 1-8,text,true,,169,127,3,3,http://localhost:8080/test/charger,1663,0,0
1559816883763,652,HTTP Request,200,OK,Thread Group 1-7,text,true,,169,127,3,3,http://localhost:8080/test/charger,652,0,0
1559816884228,527,HTTP Request,200,OK,Thread Group 1-9,text,true,,169,127,3,3,http://localhost:8080/test/charger,527,0,1
1559816884267,497,HTTP Request,200,OK,Thread Group 1-8,text,true,,169,127,3,3,http://localhost:8080/test/charger,497,0,0
1559816884416,473,HTTP Request,200,OK,Thread Group 1-7,text,true,,169,127,3,3,http://localhost:8080/test/charger,473,0,1
1559816884764,467,HTTP Request,200,OK,Thread Group 1-8,text,true,,169,127,3,3,http://localhost:8080/test/charger,467,0,1
1559816884756,522,HTTP Request,200,OK,Thread Group 1-9,text,true,,169,127,3,3,http://localhost:8080/test/charger,522,0,0
1559816884889,556,HTTP Request,200,OK,Thread Group 1-7,text,true,,169,127,3,3,http://localhost:8080/test/charger,556,0,1
1559816885231,491,HTTP Request,200,OK,Thread Group 1-8,text,true,,169,127,4,4,http://localhost:8080/test/charger,491,0,1
1559816885279,459,HTTP Request,200,OK,Thread Group 1-9,text,true,,169,127,4,4,http://localhost:8080/test/charger,459,0,1
1559816885445,452,HTTP Request,200,OK,Thread Group 1-7,text,true,,169,127,4,4,http://localhost:8080/test/charger,452,0,1
1559816885707,464,HTTP Request,200,OK,Thread Group 1-10,text,true,,169,127,3,3,http://localhost:8080/test/charger,464,0,0
1559816885722,460,HTTP Request,200,OK,Thread Group 1-8,text,true,,169,127,3,3,http://localhost:8080/test/charger,460,0,1
1559816885738,457,HTTP Request,200,OK,Thread Group 1-9,text,true,,169,127,3,3,http://localhost:8080/test/charger,457,0,1
1559816886171,430,HTTP Request,200,OK,Thread Group 1-10,text,true,,169,127,3,3,http://localhost:8080/test/charger,430,0,1
1559816886183,473,HTTP Request,200,OK,Thread Group 1-8,text,true,,169,127,3,3,http://localhost:8080/test/charger,473,0,0
1559816886196,483,HTTP Request,200,OK,Thread Group 1-9,text,true,,169,127,3,3,http://localhost:8080/test/charger,483,0,0
1559816886601,457,HTTP Request,200,OK,Thread Group 1-10,text,true,,169,127,3,3,http://localhost:8080/test/charger,457,0,1
1559816886656,482,HTTP Request,200,OK,Thread Group 1-8,text,true,,169,127,3,3,http://localhost:8080/test/charger,482,0,1
1559816886679,477,HTTP Request,200,OK,Thread Group 1-9,text,true,,169,127,3,3,http://localhost:8080/test/charger,477,0,1
1559816887058,455,HTTP Request,200,OK,Thread Group 1-10,text,true,,169,127,3,3,http://localhost:8080/test/charger,455,0,1
1559816887139,444,HTTP Request,200,OK,Thread Group 1-8,text,true,,169,127,3,3,http://localhost:8080/test/charger,444,0,0
1559816887156,495,HTTP Request,200,OK,Thread Group 1-9,text,true,,169,127,2,2,http://localhost:8080/test/charger,495,0,1
1559816887513,577,HTTP Request,200,OK,Thread Group 1-10,text,true,,169,127,3,3,http://localhost:8080/test/charger,577,0,1
1559816887652,508,HTTP Request,200,OK,Thread Group 1-9,text,true,,169,127,3,3,http://localhost:8080/test/charger,508,0,0
1559816887747,466,HTTP Request,200,OK,Thread Group 1-11,text,true,,169,127,3,3,http://localhost:8080/test/charger,466,0,1
1559816888091,478,HTTP Request,200,OK,Thread Group 1-10,text,true,,169,127,3,3,http://localhost:8080/test/charger,478,0,0
1559816888161,481,HTTP Request,200,OK,Thread Group 1-9,text,true,,169,127,3,3,http://localhost:8080/test/charger,481,0,1
1559816888213,467,HTTP Request,200,OK,Thread Group 1-11,text,true,,169,127,2,2,http://localhost:8080/test/charger,466,0,1
1559816888570,511,HTTP Request,200,OK,Thread Group 1-10,text,true,,169,127,2,2,http://localhost:8080/test/charger,511,0,0
1559816888680,462,HTTP Request,200,OK,Thread Group 1-11,text,true,,169,127,2,2,http://localhost:8080/test/charger,462,0,1
1559816889081,437,HTTP Request,200,OK,Thread Group 1-10,text,true,,169,127,2,2,http://localhost:8080/test/charger,437,0,1
1559816889143,443,HTTP Request,200,OK,Thread Group 1-11,text,true,,169,127,2,2,http://localhost:8080/test/charger,443,0,1
1559816889518,435,HTTP Request,200,OK,Thread Group 1-10,text,true,,169,127,3,3,http://localhost:8080/test/charger,435,0,1
1559816889586,472,HTTP Request,200,OK,Thread Group 1-11,text,true,,169,127,3,3,http://localhost:8080/test/charger,472,0,1
1559816889789,477,HTTP Request,200,OK,Thread Group 1-12,text,true,,169,127,3,3,http://localhost:8080/test/charger,477,0,1
1559816889953,446,HTTP Request,200,OK,Thread Group 1-10,text,true,,169,127,3,3,http://localhost:8080/test/charger,446,0,1
1559816890059,442,HTTP Request,200,OK,Thread Group 1-11,text,true,,169,127,2,2,http://localhost:8080/test/charger,442,0,0
1559816890266,437,HTTP Request,200,OK,Thread Group 1-12,text,true,,169,127,2,2,http://localhost:8080/test/charger,437,0,1
1559816890703,443,HTTP Request,200,OK,Thread Group 1-12,text,true,,169,127,2,2,http://localhost:8080/test/charger,443,0,1
1559816890502,989,HTTP Request,200,OK,Thread Group 1-11,text,true,,169,127,2,2,http://localhost:8080/test/charger,989,0,1
1559816891146,427,HTTP Request,200,OK,Thread Group 1-12,text,true,,169,127,2,2,http://localhost:8080/test/charger,427,0,1
1559816891492,431,HTTP Request,200,OK,Thread Group 1-11,text,true,,169,127,3,3,http://localhost:8080/test/charger,431,0,0
1559816891574,461,HTTP Request,200,OK,Thread Group 1-12,text,true,,169,127,3,3,http://localhost:8080/test/charger,461,0,1
1559816891831,444,HTTP Request,200,OK,Thread Group 1-13,text,true,,169,127,3,3,http://localhost:8080/test/charger,444,0,0
1559816891924,476,HTTP Request,200,OK,Thread Group 1-11,text,true,,169,127,3,3,http://localhost:8080/test/charger,476,0,0
1559816892036,494,HTTP Request,200,OK,Thread Group 1-12,text,true,,169,127,3,3,http://localhost:8080/test/charger,494,0,0
1559816892276,445,HTTP Request,200,OK,Thread Group 1-13,text,true,,169,127,3,3,http://localhost:8080/test/charger,445,0,0
1559816892400,459,HTTP Request,200,OK,Thread Group 1-11,text,true,,169,127,3,3,http://localhost:8080/test/charger,459,0,1
1559816892530,437,HTTP Request,200,OK,Thread Group 1-12,text,true,,169,127,2,2,http://localhost:8080/test/charger,437,0,1
1559816892722,466,HTTP Request,200,OK,Thread Group 1-13,text,true,,169,127,2,2,http://localhost:8080/test/charger,466,0,0
1559816892968,449,HTTP Request,200,OK,Thread Group 1-12,text,true,,169,127,2,2,http://localhost:8080/test/charger,449,0,0
1559816893188,490,HTTP Request,200,OK,Thread Group 1-13,text,true,,169,127,2,2,http://localhost:8080/test/charger,490,0,1
1559816893417,468,HTTP Request,200,OK,Thread Group 1-12,text,true,,169,127,3,3,http://localhost:8080/test/charger,468,0,1
1559816893678,436,HTTP Request,200,OK,Thread Group 1-13,text,true,,169,127,3,3,http://localhost:8080/test/charger,436,0,1
1559816893872,515,HTTP Request,200,OK,Thread Group 1-14,text,true,,169,127,3,3,http://localhost:8080/test/charger,515,0,1
1559816893886,556,HTTP Request,200,OK,Thread Group 1-12,text,true,,169,127,3,3,http://localhost:8080/test/charger,556,0,0
1559816894114,522,HTTP Request,200,OK,Thread Group 1-13,text,true,,169,127,2,2,http://localhost:8080/test/charger,522,0,1
1559816894387,463,HTTP Request,200,OK,Thread Group 1-14,text,true,,169,127,2,2,http://localhost:8080/test/charger,463,0,1
1559816894637,483,HTTP Request,200,OK,Thread Group 1-13,text,true,,169,127,2,2,http://localhost:8080/test/charger,483,0,0
1559816894851,476,HTTP Request,200,OK,Thread Group 1-14,text,true,,169,127,2,2,http://localhost:8080/test/charger,476,0,0
1559816895121,491,HTTP Request,200,OK,Thread Group 1-13,text,true,,169,127,2,2,http://localhost:8080/test/charger,491,0,0
1559816895327,507,HTTP Request,200,OK,Thread Group 1-14,text,true,,169,127,2,2,http://localhost:8080/test/charger,507,0,1
1559816895612,534,HTTP Request,200,OK,Thread Group 1-13,text,true,,169,127,3,3,http://localhost:8080/test/charger,534,0,1
1559816895835,535,HTTP Request,200,OK,Thread Group 1-14,text,true,,169,127,3,3,http://localhost:8080/test/charger,535,0,0
1559816895914,507,HTTP Request,200,OK,Thread Group 1-15,text,true,,169,127,3,3,http://localhost:8080/test/charger,507,0,0
1559816896147,442,HTTP Request,200,OK,Thread Group 1-13,text,true,,169,127,3,3,http://localhost:8080/test/charger,442,0,1
1559816896370,465,HTTP Request,200,OK,Thread Group 1-14,text,true,,169,127,2,2,http://localhost:8080/test/charger,465,0,1
1559816896421,508,HTTP Request,200,OK,Thread Group 1-15,text,true,,169,127,2,2,http://localhost:8080/test/charger,508,0,1
1559816896835,477,HTTP Request,200,OK,Thread Group 1-14,text,true,,169,127,2,2,http://localhost:8080/test/charger,477,0,1
1559816896929,527,HTTP Request,200,OK,Thread Group 1-15,text,true,,169,127,2,2,http://localhost:8080/test/charger,527,0,1
1559816897312,476,HTTP Request,200,OK,Thread Group 1-14,text,true,,169,127,2,2,http://localhost:8080/test/charger,476,0,1
1559816897457,516,HTTP Request,200,OK,Thread Group 1-15,text,true,,169,127,3,3,http://localhost:8080/test/charger,516,0,1
1559816897788,523,HTTP Request,200,OK,Thread Group 1-14,text,true,,169,127,3,3,http://localhost:8080/test/charger,523,0,1
1559816897974,562,HTTP Request,200,OK,Thread Group 1-15,text,true,,169,127,3,3,http://localhost:8080/test/charger,562,0,1
1559816897955,588,HTTP Request,200,OK,Thread Group 1-16,text,true,,169,127,3,3,http://localhost:8080/test/charger,588,0,1
1559816898312,552,HTTP Request,200,OK,Thread Group 1-14,text,true,,169,127,3,3,http://localhost:8080/test/charger,552,0,0
1559816898537,532,HTTP Request,200,OK,Thread Group 1-15,text,true,,169,127,2,2,http://localhost:8080/test/charger,532,0,0
1559816898543,573,HTTP Request,200,OK,Thread Group 1-16,text,true,,169,127,2,2,http://localhost:8080/test/charger,573,0,1
1559816899069,587,HTTP Request,200,OK,Thread Group 1-15,text,true,,169,127,2,2,http://localhost:8080/test/charger,587,0,1
1559816899116,551,HTTP Request,200,OK,Thread Group 1-16,text,true,,169,127,2,2,http://localhost:8080/test/charger,551,0,1
1559816899667,498,HTTP Request,200,OK,Thread Group 1-16,text,true,,169,127,3,3,http://localhost:8080/test/charger,498,0,1
1559816899656,582,HTTP Request,200,OK,Thread Group 1-15,text,true,,169,127,3,3,http://localhost:8080/test/charger,582,0,1
1559816899997,525,HTTP Request,200,OK,Thread Group 1-17,text,true,,169,127,3,3,http://localhost:8080/test/charger,525,0,0
1559816900165,570,HTTP Request,200,OK,Thread Group 1-16,text,true,,169,127,3,3,http://localhost:8080/test/charger,570,0,1
1559816900238,587,HTTP Request,200,OK,Thread Group 1-15,text,true,,169,127,3,3,http://localhost:8080/test/charger,587,0,1
1559816900522,544,HTTP Request,200,OK,Thread Group 1-17,text,true,,169,127,3,3,http://localhost:8080/test/charger,544,0,0
1559816900735,534,HTTP Request,200,OK,Thread Group 1-16,text,true,,169,127,3,3,http://localhost:8080/test/charger,534,0,1
1559816900825,519,HTTP Request,200,OK,Thread Group 1-15,text,true,,169,127,3,3,http://localhost:8080/test/charger,519,0,1
1559816901066,463,HTTP Request,200,OK,Thread Group 1-17,text,true,,169,127,2,2,http://localhost:8080/test/charger,463,0,1
1559816901269,567,HTTP Request,200,OK,Thread Group 1-16,text,true,,169,127,2,2,http://localhost:8080/test/charger,567,0,1
1559816901529,445,HTTP Request,200,OK,Thread Group 1-17,text,true,,169,127,2,2,http://localhost:8080/test/charger,445,0,1
1559816901837,441,HTTP Request,200,OK,Thread Group 1-16,text,true,,169,127,3,3,http://localhost:8080/test/charger,441,0,0
1559816901975,441,HTTP Request,200,OK,Thread Group 1-17,text,true,,169,127,3,3,http://localhost:8080/test/charger,441,0,0
1559816902038,478,HTTP Request,200,OK,Thread Group 1-18,text,true,,169,127,3,3,http://localhost:8080/test/charger,478,0,0
1559816902278,515,HTTP Request,200,OK,Thread Group 1-16,text,true,,169,127,3,3,http://localhost:8080/test/charger,515,0,1
1559816902416,510,HTTP Request,200,OK,Thread Group 1-17,text,true,,169,127,3,3,http://localhost:8080/test/charger,510,0,1
1559816902793,528,HTTP Request,200,OK,Thread Group 1-16,text,true,,169,127,3,3,http://localhost:8080/test/charger,528,0,1
1559816902927,549,HTTP Request,200,OK,Thread Group 1-17,text,true,,169,127,2,2,http://localhost:8080/test/charger,549,0,1
1559816903476,479,HTTP Request,200,OK,Thread Group 1-17,text,true,,169,127,2,2,http://localhost:8080/test/charger,479,0,1
1559816902517,1457,HTTP Request,200,OK,Thread Group 1-18,text,true,,169,127,2,2,http://localhost:8080/test/charger,1457,0,0
1559816903956,489,HTTP Request,200,OK,Thread Group 1-17,text,true,,169,127,3,3,http://localhost:8080/test/charger,489,0,0
1559816903974,483,HTTP Request,200,OK,Thread Group 1-18,text,true,,169,127,3,3,http://localhost:8080/test/charger,483,0,1
1559816904079,491,HTTP Request,200,OK,Thread Group 1-19,text,true,,169,127,3,3,http://localhost:8080/test/charger,491,0,0
1559816904446,464,HTTP Request,200,OK,Thread Group 1-17,text,true,,169,127,3,3,http://localhost:8080/test/charger,464,0,1
1559816904457,489,HTTP Request,200,OK,Thread Group 1-18,text,true,,169,127,2,2,http://localhost:8080/test/charger,489,0,1
1559816904570,462,HTTP Request,200,OK,Thread Group 1-19,text,true,,169,127,2,2,http://localhost:8080/test/charger,462,0,1
1559816904947,482,HTTP Request,200,OK,Thread Group 1-18,text,true,,169,127,2,2,http://localhost:8080/test/charger,482,0,1
1559816905033,567,HTTP Request,200,OK,Thread Group 1-19,text,true,,169,127,2,2,http://localhost:8080/test/charger,566,0,0
1559816905430,454,HTTP Request,200,OK,Thread Group 1-18,text,true,,169,127,2,2,http://localhost:8080/test/charger,454,0,1
1559816905600,437,HTTP Request,200,OK,Thread Group 1-19,text,true,,169,127,2,2,http://localhost:8080/test/charger,437,0,1
1559816905884,466,HTTP Request,200,OK,Thread Group 1-18,text,true,,169,127,3,3,http://localhost:8080/test/charger,466,0,1
1559816906038,462,HTTP Request,200,OK,Thread Group 1-19,text,true,,169,127,3,3,http://localhost:8080/test/charger,462,0,0
1559816906119,464,HTTP Request,200,OK,Thread Group 1-20,text,true,,169,127,3,3,http://localhost:8080/test/charger,464,0,0
1559816906350,474,HTTP Request,200,OK,Thread Group 1-18,text,true,,169,127,3,3,http://localhost:8080/test/charger,474,0,1
1559816906501,452,HTTP Request,200,OK,Thread Group 1-19,text,true,,169,127,3,3,http://localhost:8080/test/charger,451,0,1
1559816906583,468,HTTP Request,200,OK,Thread Group 1-20,text,true,,169,127,3,3,http://localhost:8080/test/charger,468,0,1
1559816906825,531,HTTP Request,200,OK,Thread Group 1-18,text,true,,169,127,3,3,http://localhost:8080/test/charger,531,0,0
1559816906953,534,HTTP Request,200,OK,Thread Group 1-19,text,true,,169,127,3,3,http://localhost:8080/test/charger,534,0,0
1559816907051,483,HTTP Request,200,OK,Thread Group 1-20,text,true,,169,127,3,3,http://localhost:8080/test/charger,483,0,1
1559816907356,571,HTTP Request,200,OK,Thread Group 1-18,text,true,,169,127,3,3,http://localhost:8080/test/charger,571,0,1
1559816907487,514,HTTP Request,200,OK,Thread Group 1-19,text,true,,169,127,2,2,http://localhost:8080/test/charger,514,0,1
1559816907534,489,HTTP Request,200,OK,Thread Group 1-20,text,true,,169,127,2,2,http://localhost:8080/test/charger,489,0,1
1559816908024,593,HTTP Request,200,OK,Thread Group 1-20,text,true,,169,127,3,3,http://localhost:8080/test/charger,593,0,0
1559816908001,616,HTTP Request,200,OK,Thread Group 1-19,text,true,,169,127,3,3,http://localhost:8080/test/charger,616,0,1
1559816908161,533,HTTP Request,200,OK,Thread Group 1-21,text,true,,169,127,3,3,http://localhost:8080/test/charger,533,0,1
1559816908618,527,HTTP Request,200,OK,Thread Group 1-19,text,true,,169,127,3,3,http://localhost:8080/test/charger,527,0,0
1559816908618,527,HTTP Request,200,OK,Thread Group 1-20,text,true,,169,127,3,3,http://localhost:8080/test/charger,527,0,0
1559816908695,568,HTTP Request,200,OK,Thread Group 1-21,text,true,,169,127,2,2,http://localhost:8080/test/charger,568,0,0
1559816909145,437,HTTP Request,200,OK,Thread Group 1-20,text,true,,169,127,2,2,http://localhost:8080/test/charger,437,0,1
1559816909264,471,HTTP Request,200,OK,Thread Group 1-21,text,true,,169,127,2,2,http://localhost:8080/test/charger,471,0,0
1559816909582,427,HTTP Request,200,OK,Thread Group 1-20,text,true,,169,127,2,2,http://localhost:8080/test/charger,427,0,1
1559816909735,509,HTTP Request,200,OK,Thread Group 1-21,text,true,,169,127,3,3,http://localhost:8080/test/charger,509,0,1
1559816910009,443,HTTP Request,200,OK,Thread Group 1-20,text,true,,169,127,3,3,http://localhost:8080/test/charger,443,0,1
1559816910200,445,HTTP Request,200,OK,Thread Group 1-22,text,true,,169,127,3,3,http://localhost:8080/test/charger,445,0,1
1559816910453,456,HTTP Request,200,OK,Thread Group 1-20,text,true,,169,127,3,3,http://localhost:8080/test/charger,456,0,0
1559816910645,436,HTTP Request,200,OK,Thread Group 1-22,text,true,,169,127,2,2,http://localhost:8080/test/charger,436,0,1
1559816911081,536,HTTP Request,200,OK,Thread Group 1-22,text,true,,169,127,2,2,http://localhost:8080/test/charger,536,0,1
1559816910245,1605,HTTP Request,200,OK,Thread Group 1-21,text,true,,169,127,2,2,http://localhost:8080/test/charger,1605,0,0
1559816911618,481,HTTP Request,200,OK,Thread Group 1-22,text,true,,169,127,2,2,http://localhost:8080/test/charger,481,0,1
1559816911850,490,HTTP Request,200,OK,Thread Group 1-21,text,true,,169,127,3,3,http://localhost:8080/test/charger,490,0,1
1559816912099,530,HTTP Request,200,OK,Thread Group 1-22,text,true,,169,127,3,3,http://localhost:8080/test/charger,530,0,1
1559816912242,465,HTTP Request,200,OK,Thread Group 1-23,text,true,,169,127,3,3,http://localhost:8080/test/charger,465,0,0
1559816912340,477,HTTP Request,200,OK,Thread Group 1-21,text,true,,169,127,3,3,http://localhost:8080/test/charger,477,0,1
1559816912629,497,HTTP Request,200,OK,Thread Group 1-22,text,true,,169,127,3,3,http://localhost:8080/test/charger,497,0,1
1559816912707,441,HTTP Request,200,OK,Thread Group 1-23,text,true,,169,127,3,3,http://localhost:8080/test/charger,441,0,1
1559816912816,458,HTTP Request,200,OK,Thread Group 1-21,text,true,,169,127,3,3,http://localhost:8080/test/charger,458,0,1
1559816913148,422,HTTP Request,200,OK,Thread Group 1-23,text,true,,169,127,3,3,http://localhost:8080/test/charger,422,0,0
1559816913274,473,HTTP Request,200,OK,Thread Group 1-21,text,true,,169,127,3,3,http://localhost:8080/test/charger,473,0,1
1559816913571,457,HTTP Request,200,OK,Thread Group 1-23,text,true,,169,127,3,3,http://localhost:8080/test/charger,457,0,1
1559816913748,438,HTTP Request,200,OK,Thread Group 1-21,text,true,,169,127,3,3,http://localhost:8080/test/charger,438,0,0
1559816914028,429,HTTP Request,200,OK,Thread Group 1-23,text,true,,169,127,3,3,http://localhost:8080/test/charger,429,0,1
1559816913125,1470,HTTP Request,200,OK,Thread Group 1-22,text,true,,169,127,3,3,http://localhost:8080/test/charger,1470,0,1
1559816914281,433,HTTP Request,200,OK,Thread Group 1-24,text,true,,169,127,3,3,http://localhost:8080/test/charger,432,0,1
1559816914457,420,HTTP Request,200,OK,Thread Group 1-23,text,true,,169,127,3,3,http://localhost:8080/test/charger,419,0,1
1559816914596,445,HTTP Request,200,OK,Thread Group 1-22,text,true,,169,127,3,3,http://localhost:8080/test/charger,445,0,0
1559816914714,439,HTTP Request,200,OK,Thread Group 1-24,text,true,,169,127,3,3,http://localhost:8080/test/charger,438,0,0
1559816914877,414,HTTP Request,200,OK,Thread Group 1-23,text,true,,169,127,3,3,http://localhost:8080/test/charger,414,0,0
1559816915041,435,HTTP Request,200,OK,Thread Group 1-22,text,true,,169,127,3,3,http://localhost:8080/test/charger,434,0,1
1559816915153,436,HTTP Request,200,OK,Thread Group 1-24,text,true,,169,127,3,3,http://localhost:8080/test/charger,436,0,1
1559816915291,437,HTTP Request,200,OK,Thread Group 1-23,text,true,,169,127,3,3,http://localhost:8080/test/charger,437,0,1
1559816915476,463,HTTP Request,200,OK,Thread Group 1-22,text,true,,169,127,3,3,http://localhost:8080/test/charger,463,0,0
1559816915590,483,HTTP Request,200,OK,Thread Group 1-24,text,true,,169,127,2,2,http://localhost:8080/test/charger,483,0,0
1559816915728,479,HTTP Request,200,OK,Thread Group 1-23,text,true,,169,127,2,2,http://localhost:8080/test/charger,479,0,1
1559816916073,465,HTTP Request,200,OK,Thread Group 1-24,text,true,,169,127,3,3,http://localhost:8080/test/charger,465,0,1
1559816916207,470,HTTP Request,200,OK,Thread Group 1-23,text,true,,169,127,3,3,http://localhost:8080/test/charger,470,0,1
1559816916321,467,HTTP Request,200,OK,Thread Group 1-25,text,true,,169,127,2,2,http://localhost:8080/test/charger,466,0,1
1559816916538,491,HTTP Request,200,OK,Thread Group 1-24,text,true,,169,127,2,2,http://localhost:8080/test/charger,491,0,1
1559816916788,521,HTTP Request,200,OK,Thread Group 1-25,text,true,,169,127,2,2,http://localhost:8080/test/charger,521,0,0
1559816917029,485,HTTP Request,200,OK,Thread Group 1-24,text,true,,169,127,2,2,http://localhost:8080/test/charger,485,0,1
1559816917309,481,HTTP Request,200,OK,Thread Group 1-25,text,true,,169,127,2,2,http://localhost:8080/test/charger,481,0,0
1559816917514,447,HTTP Request,200,OK,Thread Group 1-24,text,true,,169,127,2,2,http://localhost:8080/test/charger,447,0,0
1559816917791,465,HTTP Request,200,OK,Thread Group 1-25,text,true,,169,127,2,2,http://localhost:8080/test/charger,465,0,0
1559816917961,484,HTTP Request,200,OK,Thread Group 1-24,text,true,,169,127,3,3,http://localhost:8080/test/charger,484,0,1
1559816918256,437,HTTP Request,200,OK,Thread Group 1-25,text,true,,169,127,3,3,http://localhost:8080/test/charger,437,0,1
1559816918362,455,HTTP Request,200,OK,Thread Group 1-26,text,true,,169,127,3,3,http://localhost:8080/test/charger,455,0,1
1559816918445,490,HTTP Request,200,OK,Thread Group 1-24,text,true,,169,127,3,3,http://localhost:8080/test/charger,490,0,1
1559816918694,453,HTTP Request,200,OK,Thread Group 1-25,text,true,,169,127,2,2,http://localhost:8080/test/charger,453,0,0
1559816918818,478,HTTP Request,200,OK,Thread Group 1-26,text,true,,169,127,2,2,http://localhost:8080/test/charger,478,0,1
1559816919147,446,HTTP Request,200,OK,Thread Group 1-25,text,true,,169,127,2,2,http://localhost:8080/test/charger,446,0,1
1559816919297,409,HTTP Request,200,OK,Thread Group 1-26,text,true,,169,127,2,2,http://localhost:8080/test/charger,409,0,0
1559816919594,458,HTTP Request,200,OK,Thread Group 1-25,text,true,,169,127,2,2,http://localhost:8080/test/charger,458,0,0
1559816919707,442,HTTP Request,200,OK,Thread Group 1-26,text,true,,169,127,2,2,http://localhost:8080/test/charger,442,0,0
1559816920053,430,HTTP Request,200,OK,Thread Group 1-25,text,true,,169,127,3,3,http://localhost:8080/test/charger,430,0,0
1559816920150,456,HTTP Request,200,OK,Thread Group 1-26,text,true,,169,127,3,3,http://localhost:8080/test/charger,456,0,0
1559816920403,463,HTTP Request,200,OK,Thread Group 1-27,text,true,,169,127,3,3,http://localhost:8080/test/charger,463,0,0
1559816920483,436,HTTP Request,200,OK,Thread Group 1-25,text,true,,169,127,3,3,http://localhost:8080/test/charger,436,0,0
1559816920606,437,HTTP Request,200,OK,Thread Group 1-26,text,true,,169,127,2,2,http://localhost:8080/test/charger,437,0,1
1559816920867,452,HTTP Request,200,OK,Thread Group 1-27,text,true,,169,127,2,2,http://localhost:8080/test/charger,452,0,0
1559816921043,416,HTTP Request,200,OK,Thread Group 1-26,text,true,,169,127,2,2,http://localhost:8080/test/charger,416,0,1
1559816921320,416,HTTP Request,200,OK,Thread Group 1-27,text,true,,169,127,2,2,http://localhost:8080/test/charger,416,0,0
1559816921459,432,HTTP Request,200,OK,Thread Group 1-26,text,true,,169,127,2,2,http://localhost:8080/test/charger,432,0,1
1559816921737,443,HTTP Request,200,OK,Thread Group 1-27,text,true,,169,127,2,2,http://localhost:8080/test/charger,443,0,0
1559816921892,488,HTTP Request,200,OK,Thread Group 1-26,text,true,,169,127,2,2,http://localhost:8080/test/charger,488,0,0
1559816922181,572,HTTP Request,200,OK,Thread Group 1-27,text,true,,169,127,3,3,http://localhost:8080/test/charger,572,0,0
1559816922381,423,HTTP Request,200,OK,Thread Group 1-26,text,true,,169,127,3,3,http://localhost:8080/test/charger,423,0,1
1559816922443,457,HTTP Request,200,OK,Thread Group 1-28,text,true,,169,127,2,2,http://localhost:8080/test/charger,457,0,0
1559816922754,428,HTTP Request,200,OK,Thread Group 1-27,text,true,,169,127,2,2,http://localhost:8080/test/charger,428,0,1
1559816922902,475,HTTP Request,200,OK,Thread Group 1-28,text,true,,169,127,2,2,http://localhost:8080/test/charger,475,0,0
1559816923182,416,HTTP Request,200,OK,Thread Group 1-27,text,true,,169,127,2,2,http://localhost:8080/test/charger,416,0,1
1559816923378,470,HTTP Request,200,OK,Thread Group 1-28,text,true,,169,127,2,2,http://localhost:8080/test/charger,470,0,0
1559816923598,434,HTTP Request,200,OK,Thread Group 1-27,text,true,,169,127,2,2,http://localhost:8080/test/charger,434,0,1
1559816923848,456,HTTP Request,200,OK,Thread Group 1-28,text,true,,169,127,2,2,http://localhost:8080/test/charger,456,0,1
1559816924032,409,HTTP Request,200,OK,Thread Group 1-27,text,true,,169,127,2,2,http://localhost:8080/test/charger,409,0,1
1559816924304,431,HTTP Request,200,OK,Thread Group 1-28,text,true,,169,127,3,3,http://localhost:8080/test/charger,431,0,1
1559816924485,450,HTTP Request,200,OK,Thread Group 1-29,text,true,,169,127,3,3,http://localhost:8080/test/charger,450,0,0
1559816924442,497,HTTP Request,200,OK,Thread Group 1-27,text,true,,169,127,3,3,http://localhost:8080/test/charger,497,0,0
1559816924736,431,HTTP Request,200,OK,Thread Group 1-28,text,true,,169,127,2,2,http://localhost:8080/test/charger,431,0,0
1559816924936,447,HTTP Request,200,OK,Thread Group 1-29,text,true,,169,127,2,2,http://localhost:8080/test/charger,447,0,1
1559816925167,427,HTTP Request,200,OK,Thread Group 1-28,text,true,,169,127,2,2,http://localhost:8080/test/charger,427,0,1
1559816925384,508,HTTP Request,200,OK,Thread Group 1-29,text,true,,169,127,2,2,http://localhost:8080/test/charger,508,0,0
1559816925595,569,HTTP Request,200,OK,Thread Group 1-28,text,true,,169,127,2,2,http://localhost:8080/test/charger,569,0,0
1559816925892,539,HTTP Request,200,OK,Thread Group 1-29,text,true,,169,127,2,2,http://localhost:8080/test/charger,539,0,1
1559816926164,493,HTTP Request,200,OK,Thread Group 1-28,text,true,,169,127,3,3,http://localhost:8080/test/charger,493,0,1
1559816926431,458,HTTP Request,200,OK,Thread Group 1-29,text,true,,169,127,3,3,http://localhost:8080/test/charger,458,0,1
1559816926526,469,HTTP Request,200,OK,Thread Group 1-30,text,true,,169,127,3,3,http://localhost:8080/test/charger,469,0,0
1559816926658,444,HTTP Request,200,OK,Thread Group 1-28,text,true,,169,127,3,3,http://localhost:8080/test/charger,444,0,0
1559816926889,450,HTTP Request,200,OK,Thread Group 1-29,text,true,,169,127,2,2,http://localhost:8080/test/charger,450,0,1
1559816926995,445,HTTP Request,200,OK,Thread Group 1-30,text,true,,169,127,2,2,http://localhost:8080/test/charger,445,0,1
1559816927339,433,HTTP Request,200,OK,Thread Group 1-29,text,true,,169,127,2,2,http://localhost:8080/test/charger,433,0,1
1559816927441,476,HTTP Request,200,OK,Thread Group 1-30,text,true,,169,127,2,2,http://localhost:8080/test/charger,476,0,0
1559816927772,440,HTTP Request,200,OK,Thread Group 1-29,text,true,,169,127,2,2,http://localhost:8080/test/charger,440,0,2
1559816927917,500,HTTP Request,200,OK,Thread Group 1-30,text,true,,169,127,2,2,http://localhost:8080/test/charger,500,0,1
1559816928212,426,HTTP Request,200,OK,Thread Group 1-29,text,true,,169,127,3,3,http://localhost:8080/test/charger,426,0,1
1559816928418,444,HTTP Request,200,OK,Thread Group 1-30,text,true,,169,127,3,3,http://localhost:8080/test/charger,444,0,0
1559816928565,444,HTTP Request,200,OK,Thread Group 1-31,text,true,,169,127,3,3,http://localhost:8080/test/charger,444,0,1
1559816928638,436,HTTP Request,200,OK,Thread Group 1-29,text,true,,169,127,3,3,http://localhost:8080/test/charger,436,0,1
1559816928862,436,HTTP Request,200,OK,Thread Group 1-30,text,true,,169,127,2,2,http://localhost:8080/test/charger,436,0,1
1559816929010,441,HTTP Request,200,OK,Thread Group 1-31,text,true,,169,127,2,2,http://localhost:8080/test/charger,441,0,0
1559816929298,454,HTTP Request,200,OK,Thread Group 1-30,text,true,,169,127,2,2,http://localhost:8080/test/charger,454,0,1
1559816929452,448,HTTP Request,200,OK,Thread Group 1-31,text,true,,169,127,2,2,http://localhost:8080/test/charger,448,0,0
1559816929752,461,HTTP Request,200,OK,Thread Group 1-30,text,true,,169,127,2,2,http://localhost:8080/test/charger,461,0,1
1559816929901,448,HTTP Request,200,OK,Thread Group 1-31,text,true,,169,127,2,2,http://localhost:8080/test/charger,448,0,0
1559816930214,496,HTTP Request,200,OK,Thread Group 1-30,text,true,,169,127,3,3,http://localhost:8080/test/charger,496,0,0
1559816930349,438,HTTP Request,200,OK,Thread Group 1-31,text,true,,169,127,3,3,http://localhost:8080/test/charger,438,0,1
1559816930608,446,HTTP Request,200,OK,Thread Group 1-32,text,true,,169,127,3,3,http://localhost:8080/test/charger,446,0,2
1559816930711,436,HTTP Request,200,OK,Thread Group 1-30,text,true,,169,127,3,3,http://localhost:8080/test/charger,436,0,1
1559816930788,443,HTTP Request,200,OK,Thread Group 1-31,text,true,,169,127,2,2,http://localhost:8080/test/charger,443,0,0
1559816931054,432,HTTP Request,200,OK,Thread Group 1-32,text,true,,169,127,2,2,http://localhost:8080/test/charger,432,0,1
1559816931231,426,HTTP Request,200,OK,Thread Group 1-31,text,true,,169,127,2,2,http://localhost:8080/test/charger,426,0,1
1559816931657,451,HTTP Request,200,OK,Thread Group 1-31,text,true,,169,127,2,2,http://localhost:8080/test/charger,451,0,1
1559816932108,463,HTTP Request,200,OK,Thread Group 1-31,text,true,,169,127,2,2,http://localhost:8080/test/charger,463,0,1
1559816931486,1250,HTTP Request,200,OK,Thread Group 1-32,text,true,,169,127,3,3,http://localhost:8080/test/charger,1250,0,1
1559816932572,442,HTTP Request,200,OK,Thread Group 1-31,text,true,,169,127,3,3,http://localhost:8080/test/charger,442,0,0
1559816932647,447,HTTP Request,200,OK,Thread Group 1-33,text,true,,169,127,2,2,http://localhost:8080/test/charger,447,0,1
1559816932736,425,HTTP Request,200,OK,Thread Group 1-32,text,true,,169,127,2,2,http://localhost:8080/test/charger,425,0,1
1559816933094,448,HTTP Request,200,OK,Thread Group 1-33,text,true,,169,127,2,2,http://localhost:8080/test/charger,448,0,1
1559816933161,459,HTTP Request,200,OK,Thread Group 1-32,text,true,,169,127,2,2,http://localhost:8080/test/charger,459,0,1
1559816933542,429,HTTP Request,200,OK,Thread Group 1-33,text,true,,169,127,2,2,http://localhost:8080/test/charger,429,0,1
1559816933971,442,HTTP Request,200,OK,Thread Group 1-33,text,true,,169,127,2,2,http://localhost:8080/test/charger,441,0,0
1559816934413,490,HTTP Request,200,OK,Thread Group 1-33,text,true,,169,127,3,3,http://localhost:8080/test/charger,490,0,0
1559816934687,474,HTTP Request,200,OK,Thread Group 1-34,text,true,,169,127,3,3,http://localhost:8080/test/charger,474,0,1
1559816933620,1581,HTTP Request,200,OK,Thread Group 1-32,text,true,,169,127,3,3,http://localhost:8080/test/charger,1581,0,1
1559816934903,542,HTTP Request,200,OK,Thread Group 1-33,text,true,,169,127,3,3,http://localhost:8080/test/charger,542,0,1
1559816935161,456,HTTP Request,200,OK,Thread Group 1-34,text,true,,169,127,3,3,http://localhost:8080/test/charger,456,0,1
1559816935202,512,HTTP Request,200,OK,Thread Group 1-32,text,true,,169,127,3,3,http://localhost:8080/test/charger,512,0,0
1559816935445,427,HTTP Request,200,OK,Thread Group 1-33,text,true,,169,127,3,3,http://localhost:8080/test/charger,427,0,1
1559816935618,436,HTTP Request,200,OK,Thread Group 1-34,text,true,,169,127,3,3,http://localhost:8080/test/charger,436,0,0
1559816935714,433,HTTP Request,200,OK,Thread Group 1-32,text,true,,169,127,3,3,http://localhost:8080/test/charger,433,0,1
1559816935872,456,HTTP Request,200,OK,Thread Group 1-33,text,true,,169,127,3,3,http://localhost:8080/test/charger,456,0,1
1559816936055,448,HTTP Request,200,OK,Thread Group 1-34,text,true,,169,127,3,3,http://localhost:8080/test/charger,448,0,0
1559816936147,489,HTTP Request,200,OK,Thread Group 1-32,text,true,,169,127,3,3,http://localhost:8080/test/charger,489,0,1
1559816936328,443,HTTP Request,200,OK,Thread Group 1-33,text,true,,169,127,4,4,http://localhost:8080/test/charger,442,0,0
1559816936504,434,HTTP Request,200,OK,Thread Group 1-34,text,true,,169,127,4,4,http://localhost:8080/test/charger,434,0,0
1559816936637,509,HTTP Request,200,OK,Thread Group 1-32,text,true,,169,127,4,4,http://localhost:8080/test/charger,509,0,1
1559816936771,455,HTTP Request,200,OK,Thread Group 1-33,text,true,,169,127,3,3,http://localhost:8080/test/charger,455,0,0
1559816936939,439,HTTP Request,200,OK,Thread Group 1-34,text,true,,169,127,2,2,http://localhost:8080/test/charger,439,0,0
1559816937379,416,HTTP Request,200,OK,Thread Group 1-34,text,true,,169,127,2,2,http://localhost:8080/test/charger,416,0,0
1559816936728,1226,HTTP Request,200,OK,Thread Group 1-35,text,true,,169,127,2,2,http://localhost:8080/test/charger,1226,0,0
1559816937795,505,HTTP Request,200,OK,Thread Group 1-34,text,true,,169,127,2,2,http://localhost:8080/test/charger,505,0,0
1559816937955,425,HTTP Request,200,OK,Thread Group 1-35,text,true,,169,127,2,2,http://localhost:8080/test/charger,425,0,0
1559816938301,414,HTTP Request,200,OK,Thread Group 1-34,text,true,,169,127,2,2,http://localhost:8080/test/charger,414,0,0
1559816938381,431,HTTP Request,200,OK,Thread Group 1-35,text,true,,169,127,3,3,http://localhost:8080/test/charger,431,0,0
1559816938716,428,HTTP Request,200,OK,Thread Group 1-34,text,true,,169,127,3,3,http://localhost:8080/test/charger,428,0,0
1559816938769,463,HTTP Request,200,OK,Thread Group 1-36,text,true,,169,127,2,2,http://localhost:8080/test/charger,463,0,0
1559816938813,473,HTTP Request,200,OK,Thread Group 1-35,text,true,,169,127,2,2,http://localhost:8080/test/charger,473,0,0
1559816939232,463,HTTP Request,200,OK,Thread Group 1-36,text,true,,169,127,2,2,http://localhost:8080/test/charger,463,0,1
1559816939287,470,HTTP Request,200,OK,Thread Group 1-35,text,true,,169,127,2,2,http://localhost:8080/test/charger,470,0,0
1559816939695,470,HTTP Request,200,OK,Thread Group 1-36,text,true,,169,127,2,2,http://localhost:8080/test/charger,470,0,1
1559816939758,464,HTTP Request,200,OK,Thread Group 1-35,text,true,,169,127,2,2,http://localhost:8080/test/charger,464,0,0
1559816940165,427,HTTP Request,200,OK,Thread Group 1-36,text,true,,169,127,2,2,http://localhost:8080/test/charger,427,0,1
1559816940222,437,HTTP Request,200,OK,Thread Group 1-35,text,true,,169,127,2,2,http://localhost:8080/test/charger,437,0,1
1559816940592,455,HTTP Request,200,OK,Thread Group 1-36,text,true,,169,127,3,3,http://localhost:8080/test/charger,455,0,1
1559816940659,442,HTTP Request,200,OK,Thread Group 1-35,text,true,,169,127,3,3,http://localhost:8080/test/charger,442,0,1
1559816940809,446,HTTP Request,200,OK,Thread Group 1-37,text,true,,169,127,3,3,http://localhost:8080/test/charger,446,0,1
1559816941047,452,HTTP Request,200,OK,Thread Group 1-36,text,true,,169,127,3,3,http://localhost:8080/test/charger,452,0,1
1559816941101,476,HTTP Request,200,OK,Thread Group 1-35,text,true,,169,127,3,3,http://localhost:8080/test/charger,476,0,1
1559816941255,459,HTTP Request,200,OK,Thread Group 1-37,text,true,,169,127,3,3,http://localhost:8080/test/charger,459,0,1
1559816941578,439,HTTP Request,200,OK,Thread Group 1-35,text,true,,169,127,3,3,http://localhost:8080/test/charger,439,0,0
1559816941714,505,HTTP Request,200,OK,Thread Group 1-37,text,true,,169,127,2,2,http://localhost:8080/test/charger,505,0,1
1559816942219,444,HTTP Request,200,OK,Thread Group 1-37,text,true,,169,127,2,2,http://localhost:8080/test/charger,444,0,1
1559816941499,1288,HTTP Request,200,OK,Thread Group 1-36,text,true,,169,127,2,2,http://localhost:8080/test/charger,1288,0,1
1559816942663,431,HTTP Request,200,OK,Thread Group 1-37,text,true,,169,127,3,3,http://localhost:8080/test/charger,431,0,1
1559816942786,434,HTTP Request,200,OK,Thread Group 1-36,text,true,,169,127,3,3,http://localhost:8080/test/charger,434,0,1
1559816942849,461,HTTP Request,200,OK,Thread Group 1-38,text,true,,169,127,3,3,http://localhost:8080/test/charger,461,0,1
1559816943094,565,HTTP Request,200,OK,Thread Group 1-37,text,true,,169,127,3,3,http://localhost:8080/test/charger,565,0,0
1559816943220,523,HTTP Request,200,OK,Thread Group 1-36,text,true,,169,127,3,3,http://localhost:8080/test/charger,523,0,1
1559816943311,522,HTTP Request,200,OK,Thread Group 1-38,text,true,,169,127,3,3,http://localhost:8080/test/charger,522,0,0
1559816943660,527,HTTP Request,200,OK,Thread Group 1-37,text,true,,169,127,3,3,http://localhost:8080/test/charger,527,0,0
1559816943743,505,HTTP Request,200,OK,Thread Group 1-36,text,true,,169,127,3,3,http://localhost:8080/test/charger,505,0,1
1559816943833,473,HTTP Request,200,OK,Thread Group 1-38,text,true,,169,127,2,2,http://localhost:8080/test/charger,473,0,0
1559816944187,485,HTTP Request,200,OK,Thread Group 1-37,text,true,,169,127,2,2,http://localhost:8080/test/charger,485,0,1
1559816944306,472,HTTP Request,200,OK,Thread Group 1-38,text,true,,169,127,2,2,http://localhost:8080/test/charger,472,0,0
1559816944672,455,HTTP Request,200,OK,Thread Group 1-37,text,true,,169,127,3,3,http://localhost:8080/test/charger,455,0,1
1559816944778,432,HTTP Request,200,OK,Thread Group 1-38,text,true,,169,127,3,3,http://localhost:8080/test/charger,432,0,1
1559816944889,432,HTTP Request,200,OK,Thread Group 1-39,text,true,,169,127,3,3,http://localhost:8080/test/charger,432,0,1
1559816945210,437,HTTP Request,200,OK,Thread Group 1-38,text,true,,169,127,3,3,http://localhost:8080/test/charger,437,0,0
1559816945321,444,HTTP Request,200,OK,Thread Group 1-39,text,true,,169,127,3,3,http://localhost:8080/test/charger,444,0,1
1559816945647,475,HTTP Request,200,OK,Thread Group 1-38,text,true,,169,127,3,3,http://localhost:8080/test/charger,475,0,1
1559816945765,469,HTTP Request,200,OK,Thread Group 1-39,text,true,,169,127,3,3,http://localhost:8080/test/charger,469,0,1
1559816945127,1198,HTTP Request,200,OK,Thread Group 1-37,text,true,,169,127,3,3,http://localhost:8080/test/charger,1198,0,1
1559816946122,442,HTTP Request,200,OK,Thread Group 1-38,text,true,,169,127,2,2,http://localhost:8080/test/charger,442,0,1
1559816946234,449,HTTP Request,200,OK,Thread Group 1-39,text,true,,169,127,2,2,http://localhost:8080/test/charger,449,0,0
1559816946564,453,HTTP Request,200,OK,Thread Group 1-38,text,true,,169,127,3,3,http://localhost:8080/test/charger,453,0,1
1559816946684,489,HTTP Request,200,OK,Thread Group 1-39,text,true,,169,127,3,3,http://localhost:8080/test/charger,489,0,0
1559816947017,411,HTTP Request,200,OK,Thread Group 1-38,text,true,,169,127,3,3,http://localhost:8080/test/charger,411,0,1
1559816946931,532,HTTP Request,200,OK,Thread Group 1-40,text,true,,169,127,2,2,http://localhost:8080/test/charger,532,0,0
1559816947173,534,HTTP Request,200,OK,Thread Group 1-39,text,true,,169,127,2,2,http://localhost:8080/test/charger,534,0,1
1559816947464,439,HTTP Request,200,OK,Thread Group 1-40,text,true,,169,127,2,2,http://localhost:8080/test/charger,439,0,0
1559816947707,458,HTTP Request,200,OK,Thread Group 1-39,text,true,,169,127,2,2,http://localhost:8080/test/charger,458,0,1
1559816947904,415,HTTP Request,200,OK,Thread Group 1-40,text,true,,169,127,2,2,http://localhost:8080/test/charger,415,0,1
1559816948166,461,HTTP Request,200,OK,Thread Group 1-39,text,true,,169,127,2,2,http://localhost:8080/test/charger,461,0,1
1559816948627,434,HTTP Request,200,OK,Thread Group 1-39,text,true,,169,127,3,3,http://localhost:8080/test/charger,434,0,1
1559816948972,427,HTTP Request,200,OK,Thread Group 1-41,text,true,,169,127,3,3,http://localhost:8080/test/charger,427,0,0
1559816949400,442,HTTP Request,200,OK,Thread Group 1-41,text,true,,169,127,3,3,http://localhost:8080/test/charger,442,0,0
1559816948320,1581,HTTP Request,200,OK,Thread Group 1-40,text,true,,169,127,3,3,http://localhost:8080/test/charger,1581,0,0
1559816949843,442,HTTP Request,200,OK,Thread Group 1-41,text,true,,169,127,3,3,http://localhost:8080/test/charger,442,0,0
1559816949901,421,HTTP Request,200,OK,Thread Group 1-40,text,true,,169,127,3,3,http://localhost:8080/test/charger,421,0,1
1559816949061,1333,HTTP Request,200,OK,Thread Group 1-39,text,true,,169,127,3,3,http://localhost:8080/test/charger,1333,0,1
1559816950286,423,HTTP Request,200,OK,Thread Group 1-41,text,true,,169,127,2,2,http://localhost:8080/test/charger,423,0,0
1559816950322,426,HTTP Request,200,OK,Thread Group 1-40,text,true,,169,127,2,2,http://localhost:8080/test/charger,426,0,1
1559816950709,473,HTTP Request,200,OK,Thread Group 1-41,text,true,,169,127,3,3,http://localhost:8080/test/charger,473,0,1
1559816950748,457,HTTP Request,200,OK,Thread Group 1-40,text,true,,169,127,3,3,http://localhost:8080/test/charger,457,0,0
1559816951012,454,HTTP Request,200,OK,Thread Group 1-42,text,true,,169,127,3,3,http://localhost:8080/test/charger,454,0,1
1559816951182,408,HTTP Request,200,OK,Thread Group 1-41,text,true,,169,127,3,3,http://localhost:8080/test/charger,408,0,0
1559816951205,470,HTTP Request,200,OK,Thread Group 1-40,text,true,,169,127,3,3,http://localhost:8080/test/charger,470,0,1
1559816951466,447,HTTP Request,200,OK,Thread Group 1-42,text,true,,169,127,3,3,http://localhost:8080/test/charger,447,0,1
1559816951590,442,HTTP Request,200,OK,Thread Group 1-41,text,true,,169,127,3,3,http://localhost:8080/test/charger,442,0,1
1559816951675,486,HTTP Request,200,OK,Thread Group 1-40,text,true,,169,127,3,3,http://localhost:8080/test/charger,486,0,0
1559816951913,415,HTTP Request,200,OK,Thread Group 1-42,text,true,,169,127,3,3,http://localhost:8080/test/charger,415,0,1
1559816952032,444,HTTP Request,200,OK,Thread Group 1-41,text,true,,169,127,3,3,http://localhost:8080/test/charger,444,0,1
1559816952161,410,HTTP Request,200,OK,Thread Group 1-40,text,true,,169,127,3,3,http://localhost:8080/test/charger,410,0,1
1559816952328,449,HTTP Request,200,OK,Thread Group 1-42,text,true,,169,127,2,2,http://localhost:8080/test/charger,449,0,1
1559816952477,414,HTTP Request,200,OK,Thread Group 1-41,text,true,,169,127,2,2,http://localhost:8080/test/charger,414,0,0
1559816952776,429,HTTP Request,200,OK,Thread Group 1-42,text,true,,169,127,3,3,http://localhost:8080/test/charger,429,0,1
1559816952890,453,HTTP Request,200,OK,Thread Group 1-41,text,true,,169,127,3,3,http://localhost:8080/test/charger,453,0,1
1559816953052,434,HTTP Request,200,OK,Thread Group 1-43,text,true,,169,127,2,2,http://localhost:8080/test/charger,434,0,0
1559816953206,422,HTTP Request,200,OK,Thread Group 1-42,text,true,,169,127,2,2,http://localhost:8080/test/charger,422,0,0
1559816953486,429,HTTP Request,200,OK,Thread Group 1-43,text,true,,169,127,2,2,http://localhost:8080/test/charger,429,0,1
1559816953628,435,HTTP Request,200,OK,Thread Group 1-42,text,true,,169,127,2,2,http://localhost:8080/test/charger,435,0,0
1559816953916,443,HTTP Request,200,OK,Thread Group 1-43,text,true,,169,127,2,2,http://localhost:8080/test/charger,443,0,0
1559816954064,575,HTTP Request,200,OK,Thread Group 1-42,text,true,,169,127,2,2,http://localhost:8080/test/charger,575,0,0
1559816954359,415,HTTP Request,200,OK,Thread Group 1-43,text,true,,169,127,2,2,http://localhost:8080/test/charger,415,0,1
1559816954639,475,HTTP Request,200,OK,Thread Group 1-42,text,true,,169,127,3,3,http://localhost:8080/test/charger,475,0,1
1559816954774,449,HTTP Request,200,OK,Thread Group 1-43,text,true,,169,127,3,3,http://localhost:8080/test/charger,448,0,1
1559816955092,429,HTTP Request,200,OK,Thread Group 1-44,text,true,,169,127,3,3,http://localhost:8080/test/charger,429,0,1
1559816955115,445,HTTP Request,200,OK,Thread Group 1-42,text,true,,169,127,3,3,http://localhost:8080/test/charger,445,0,0
1559816955223,421,HTTP Request,200,OK,Thread Group 1-43,text,true,,169,127,2,2,http://localhost:8080/test/charger,421,0,0
1559816955521,425,HTTP Request,200,OK,Thread Group 1-44,text,true,,169,127,2,2,http://localhost:8080/test/charger,425,0,1
1559816955644,421,HTTP Request,200,OK,Thread Group 1-43,text,true,,169,127,2,2,http://localhost:8080/test/charger,421,0,1
1559816955946,464,HTTP Request,200,OK,Thread Group 1-44,text,true,,169,127,2,2,http://localhost:8080/test/charger,464,0,1
1559816956065,444,HTTP Request,200,OK,Thread Group 1-43,text,true,,169,127,2,2,http://localhost:8080/test/charger,444,0,1
1559816956410,435,HTTP Request,200,OK,Thread Group 1-44,text,true,,169,127,2,2,http://localhost:8080/test/charger,435,0,1
1559816956509,439,HTTP Request,200,OK,Thread Group 1-43,text,true,,169,127,2,2,http://localhost:8080/test/charger,439,0,1
1559816956845,425,HTTP Request,200,OK,Thread Group 1-44,text,true,,169,127,3,3,http://localhost:8080/test/charger,425,0,1
1559816956956,432,HTTP Request,200,OK,Thread Group 1-43,text,true,,169,127,3,3,http://localhost:8080/test/charger,432,0,0
1559816957133,423,HTTP Request,200,OK,Thread Group 1-45,text,true,,169,127,2,2,http://localhost:8080/test/charger,423,0,1
1559816957270,420,HTTP Request,200,OK,Thread Group 1-44,text,true,,169,127,2,2,http://localhost:8080/test/charger,420,0,0
1559816957557,476,HTTP Request,200,OK,Thread Group 1-45,text,true,,169,127,2,2,http://localhost:8080/test/charger,476,0,0
1559816957691,544,HTTP Request,200,OK,Thread Group 1-44,text,true,,169,127,2,2,http://localhost:8080/test/charger,544,0,0
1559816958033,478,HTTP Request,200,OK,Thread Group 1-45,text,true,,169,127,2,2,http://localhost:8080/test/charger,478,0,1
1559816958235,444,HTTP Request,200,OK,Thread Group 1-44,text,true,,169,127,2,2,http://localhost:8080/test/charger,444,0,1
1559816958511,414,HTTP Request,200,OK,Thread Group 1-45,text,true,,169,127,2,2,http://localhost:8080/test/charger,414,0,1
1559816958679,436,HTTP Request,200,OK,Thread Group 1-44,text,true,,169,127,2,2,http://localhost:8080/test/charger,436,0,1
1559816958926,477,HTTP Request,200,OK,Thread Group 1-45,text,true,,169,127,3,3,http://localhost:8080/test/charger,477,0,0
1559816959116,495,HTTP Request,200,OK,Thread Group 1-44,text,true,,169,127,3,3,http://localhost:8080/test/charger,495,0,0
1559816959173,531,HTTP Request,200,OK,Thread Group 1-46,text,true,,169,127,2,2,http://localhost:8080/test/charger,531,0,1
1559816959403,451,HTTP Request,200,OK,Thread Group 1-45,text,true,,169,127,2,2,http://localhost:8080/test/charger,451,0,1
1559816959704,464,HTTP Request,200,OK,Thread Group 1-46,text,true,,169,127,2,2,http://localhost:8080/test/charger,464,0,1
1559816959855,432,HTTP Request,200,OK,Thread Group 1-45,text,true,,169,127,2,2,http://localhost:8080/test/charger,432,0,0
1559816960169,447,HTTP Request,200,OK,Thread Group 1-46,text,true,,169,127,2,2,http://localhost:8080/test/charger,447,0,0
1559816960287,430,HTTP Request,200,OK,Thread Group 1-45,text,true,,169,127,2,2,http://localhost:8080/test/charger,430,0,0
1559816960616,445,HTTP Request,200,OK,Thread Group 1-46,text,true,,169,127,2,2,http://localhost:8080/test/charger,445,0,1
1559816960717,451,HTTP Request,200,OK,Thread Group 1-45,text,true,,169,127,2,2,http://localhost:8080/test/charger,451,0,1
1559816961061,436,HTTP Request,200,OK,Thread Group 1-46,text,true,,169,127,3,3,http://localhost:8080/test/charger,436,0,1
1559816961168,459,HTTP Request,200,OK,Thread Group 1-45,text,true,,169,127,3,3,http://localhost:8080/test/charger,459,0,1
1559816961214,441,HTTP Request,200,OK,Thread Group 1-47,text,true,,169,127,2,2,http://localhost:8080/test/charger,441,0,1
1559816961497,427,HTTP Request,200,OK,Thread Group 1-46,text,true,,169,127,2,2,http://localhost:8080/test/charger,427,0,1
1559816961655,447,HTTP Request,200,OK,Thread Group 1-47,text,true,,169,127,2,2,http://localhost:8080/test/charger,446,0,1
1559816961924,498,HTTP Request,200,OK,Thread Group 1-46,text,true,,169,127,2,2,http://localhost:8080/test/charger,497,0,1
1559816962102,487,HTTP Request,200,OK,Thread Group 1-47,text,true,,169,127,2,2,http://localhost:8080/test/charger,487,0,0
1559816962422,428,HTTP Request,200,OK,Thread Group 1-46,text,true,,169,127,2,2,http://localhost:8080/test/charger,428,0,0
1559816962589,428,HTTP Request,200,OK,Thread Group 1-47,text,true,,169,127,2,2,http://localhost:8080/test/charger,428,0,1
1559816962851,430,HTTP Request,200,OK,Thread Group 1-46,text,true,,169,127,3,3,http://localhost:8080/test/charger,430,0,1
1559816963018,442,HTTP Request,200,OK,Thread Group 1-47,text,true,,169,127,3,3,http://localhost:8080/test/charger,442,0,1
1559816963281,418,HTTP Request,200,OK,Thread Group 1-46,text,true,,169,127,3,3,http://localhost:8080/test/charger,418,0,1
1559816963255,474,HTTP Request,200,OK,Thread Group 1-48,text,true,,169,127,2,2,http://localhost:8080/test/charger,474,0,0
1559816963460,420,HTTP Request,200,OK,Thread Group 1-47,text,true,,169,127,2,2,http://localhost:8080/test/charger,420,0,1
1559816963730,423,HTTP Request,200,OK,Thread Group 1-48,text,true,,169,127,2,2,http://localhost:8080/test/charger,423,0,1
1559816963881,431,HTTP Request,200,OK,Thread Group 1-47,text,true,,169,127,2,2,http://localhost:8080/test/charger,431,0,0
1559816964154,430,HTTP Request,200,OK,Thread Group 1-48,text,true,,169,127,2,2,http://localhost:8080/test/charger,430,0,0
1559816964312,517,HTTP Request,200,OK,Thread Group 1-47,text,true,,169,127,2,2,http://localhost:8080/test/charger,517,0,1
1559816964584,441,HTTP Request,200,OK,Thread Group 1-48,text,true,,169,127,2,2,http://localhost:8080/test/charger,441,0,1
1559816964829,457,HTTP Request,200,OK,Thread Group 1-47,text,true,,169,127,2,2,http://localhost:8080/test/charger,457,0,1
1559816965026,530,HTTP Request,200,OK,Thread Group 1-48,text,true,,169,127,3,3,http://localhost:8080/test/charger,530,0,0
1559816965294,435,HTTP Request,200,OK,Thread Group 1-49,text,true,,169,127,3,3,http://localhost:8080/test/charger,435,0,1
1559816965287,506,HTTP Request,200,OK,Thread Group 1-47,text,true,,169,127,3,3,http://localhost:8080/test/charger,506,0,0
1559816965557,433,HTTP Request,200,OK,Thread Group 1-48,text,true,,169,127,2,2,http://localhost:8080/test/charger,433,0,0
1559816965729,461,HTTP Request,200,OK,Thread Group 1-49,text,true,,169,127,2,2,http://localhost:8080/test/charger,461,0,1
1559816965991,429,HTTP Request,200,OK,Thread Group 1-48,text,true,,169,127,2,2,http://localhost:8080/test/charger,429,0,0
1559816966190,447,HTTP Request,200,OK,Thread Group 1-49,text,true,,169,127,2,2,http://localhost:8080/test/charger,447,0,1
1559816966421,459,HTTP Request,200,OK,Thread Group 1-48,text,true,,169,127,2,2,http://localhost:8080/test/charger,459,0,0
1559816966638,427,HTTP Request,200,OK,Thread Group 1-49,text,true,,169,127,2,2,http://localhost:8080/test/charger,427,0,0
1559816966880,422,HTTP Request,200,OK,Thread Group 1-48,text,true,,169,127,2,2,http://localhost:8080/test/charger,422,0,1
1559816967065,436,HTTP Request,200,OK,Thread Group 1-49,text,true,,169,127,3,3,http://localhost:8080/test/charger,436,0,1
1559816967302,456,HTTP Request,200,OK,Thread Group 1-48,text,true,,169,127,3,3,http://localhost:8080/test/charger,455,0,1
1559816967334,431,HTTP Request,200,OK,Thread Group 1-50,text,true,,169,127,2,2,http://localhost:8080/test/charger,431,0,0
1559816967502,444,HTTP Request,200,OK,Thread Group 1-49,text,true,,169,127,2,2,http://localhost:8080/test/charger,444,0,0
1559816967766,415,HTTP Request,200,OK,Thread Group 1-50,text,true,,169,127,2,2,http://localhost:8080/test/charger,415,0,0
1559816967947,435,HTTP Request,200,OK,Thread Group 1-49,text,true,,169,127,2,2,http://localhost:8080/test/charger,435,0,0
1559816968181,426,HTTP Request,200,OK,Thread Group 1-50,text,true,,169,127,2,2,http://localhost:8080/test/charger,426,0,1
1559816968382,444,HTTP Request,200,OK,Thread Group 1-49,text,true,,169,127,2,2,http://localhost:8080/test/charger,444,0,1
1559816968607,426,HTTP Request,200,OK,Thread Group 1-50,text,true,,169,127,2,2,http://localhost:8080/test/charger,426,0,1
1559816968826,457,HTTP Request,200,OK,Thread Group 1-49,text,true,,169,127,2,2,http://localhost:8080/test/charger,457,0,1
1559816969033,520,HTTP Request,200,OK,Thread Group 1-50,text,true,,169,127,2,2,http://localhost:8080/test/charger,520,0,1
1559816969283,450,HTTP Request,200,OK,Thread Group 1-49,text,true,,169,127,2,2,http://localhost:8080/test/charger,450,0,1
1559816969554,550,HTTP Request,200,OK,Thread Group 1-50,text,true,,169,127,1,1,http://localhost:8080/test/charger,550,0,0
1559816970105,435,HTTP Request,200,OK,Thread Group 1-50,text,true,,169,127,1,1,http://localhost:8080/test/charger,435,0,0
1559816970540,460,HTTP Request,200,OK,Thread Group 1-50,text,true,,169,127,1,1,http://localhost:8080/test/charger,460,0,1
1559816971000,519,HTTP Request,200,OK,Thread Group 1-50,text,true,,169,127,1,1,http://localhost:8080/test/charger,519,0,1
1559816971520,512,HTTP Request,200,OK,Thread Group 1-50,text,true,,169,127,1,1,http://localhost:8080/test/charger,512,0,0
